{
	"shared_item_grid":
	{
		"type": "array",
		"orientation": "vertical",
		"margin": "0,0",
		"content":
		[
			{
				"type": "array",
				"orientation": "horizontal",
				"margin": "0,0",
				"content":
				[
					{
						"type": "itemgrid",
						"h_alignment": "center",
						"item_margin": "1,1",
						"rows":
						[
							[ "crono", "lucca", "marle", "frog" ],
							[ "robo", "ayla", "magus", "masamune" ],
							[ "benthilt", "bentsword", "dreamstone", "heromedal" ],
							[ "pendant", "gatekey", "bikekey", "tomapop" ],
							[ "jerky", "moonstone", "prismshard", "tools" ],
							[ "clone", "ctrigger", "rubyknife", "roboribbon" ]
						]
					},
					{
						"type": "itemgrid",
						"h_alignment": "center",
						"item_margin": "1,1",
						"rows":
						[
							[ "yakraboss", "yakraxiiiboss", "dragontankboss" ],
							[ "zomborboss", "retiniteboss", "guardianboss" ],
							[ "blacktyranoboss", "rusttyranoboss", "rseriesboss" ],
							[ "masamuneboss", "nizbelboss", "sonofsunboss" ],
							[ "magusboss", "gigagaiaboss", "motherbrainboss" ]
						]
					}
				]
			}
		]
	},
	"tracker_capture_item":
	{
		"type": "container",
		"content":
		{
			"type": "itemgrid",
			"h_alignment": "center",
			"item_margin": "1,1",
			"rows":
			[
				[ "Crono", "Lucca", "Marle", "Frog" ],
				[ "Robo", "Ayla", "Magus", "pendant" ],
				[ "benthilt", "bentsword", "dreamstone", "heromedal" ],
				[ "gatekey", "bikekey", "tomapop", "tools" ],
				[ "jerky", "moonstone", "prismshard", "rainbowshell" ],
				[ "clone", "ctrigger", "rubyknife", "roboribbon" ]
			]	
		}
	},
	"tracker_default":
	{
		"type": "container",
		"background": "#101010",
		"content":
		{
			"type": "dock",
			"dropshadow": true,
			"content":
			[
				{
					"type": "dock",
					"dock": "bottom",
					"h_alignment": "stretch",
					"content":
					[
						{
							"type": "dock",
							"dock": "left",
							"content":
							[
								{
									"type": "group",
									"header": "Items",
									"dock": "top",
									"content":
									{
										"type": "layout",
										"key": "shared_item_grid"
									}
								}
							]
						},
						{
							"type": "group",
							"header": "Pinned Locations",
							"content":
							{
								"type": "recentpins",
								"style": "wrap",
								"h_alignment": "stretch",
								"v_alignment": "stretch",
								"orientation": "horizontal",
								"compact": true
							}
						}
					]
				},
				{
					"type": "tabbed",
					"tabs":
					[
						{
							"title": "Prehistory",
							"content":
							{
								"type": "map",
								"maps":
								[
									"Prehistory"
								]
							}
						},
						{
							"title": "Dark Ages",
							"content":
							{
								"type": "map",
								"maps":
								[
									"Dark Ages"
								]
							}
						},
						{
							"title": "Middle Ages",
							"content":
							{
								"type": "map",
								"maps":
								[
									"Middle Ages"
								]
							}
						},
						{
							"title": "Present",
							"content":
							{
								"type": "map",
								"maps":
								[
									"Present"
								]
							}
						},
						{
							"title": "Future",
							"content":
							{
								"type": "map",
								"maps":
								[
									"Future"
								]
							}
						}
					]
				}
			]
		}
	}
}