{
	"shared_item_grid":
	{
		"type": "array",
		"orientation": "vertical",
		"margin": "0,0",
		"content":
		[
			{
				"type": "array",
				"orientation": "horizontal",
				"margin": "0,0",
				"content":
				[
					{
						"type": "itemgrid",
						"h_alignment": "center",
						"item_margin": "1,1",
						"rows":
						[
							[ "crono", "lucca", "marle", "frog" ],
							[ "robo", "ayla", "magus", "masamune" ],
							[ "benthilt", "bentsword", "dreamstone", "heromedal" ],
							[ "pendant", "gatekey", "bikekey", "tomapop" ],
							[ "jerky", "moonstone", "prismshard", "tools" ],
							[ "clone", "ctrigger", "rubyknife", "roboribbon" ]
						]
					},
					{
						"type": "itemgrid",
						"h_alignment": "center",
						"item_margin": "1,1",
						"rows":
						[
							[ "yakraboss", "yakraxiiiboss", "dragontankboss" ],
							[ "zomborboss", "retiniteboss", "guardianboss" ],
							[ "blacktyranoboss", "rusttyranoboss", "rseriesboss" ],
							[ "masamuneboss", "nizbelboss", "sonofsunboss" ],
							[ "magusboss", "gigagaiaboss", "motherbrainboss" ]
						]
					}
				]
			}
		]
	},
	"tracker_capture_item":
	{
		"type": "container",
		"content":
		{
			"type": "layout",
			"key": "shared_item_grid"
		}
	},
	"tracker_default":
	{
		"type": "container",
		"width": 270,
		"height": 210,
		"background": "#101010",
		"content":
		{
			"type": "layout",
			"dropshadow": true,
			"margin": 1,
			"key": "shared_item_grid"
		}
	}
}
