[
	{
		"name": "All Locations",
		"children":
		[
			{
				"name": "Prehistory",
				"color": "#b82800",
				"access_rules":
				[
					"magusboss"
				],
				"children":
				[
					{
						"name": "Dactyl Nest",
						"access_rules":
						[
							""
						],
						"sections":
						[
							{
								"name": "Ride the Dactyls",
								"chest_unopened_img": "images/charno.png",
								"chest_opened_img": "images/charyes.png",
								"item_count": 1
							}
						],
						"map_locations":
						[
							{
								"map": "Prehistory",
								"x": 518,
								"y": 258
							}
						]
					},
					{
						"name": "Reptite Lair",
						"access_rules":
						[
							""
						],
						"sections":
						[
							{
								"name": "Nizbel",
								"hosted_item": "nizbelboss"
							},
							{
								"name": "Defeat Nizbel",
								"chest_unopened_img": "images/kino.png",
								"chest_opened_img": "images/kiyes.png",
								"item_count": 1
							}
						],
						"map_locations":
						[
							{
								"map": "Prehistory",
								"x": 543,
								"y": 826
							}
						]
					},
					{
						"name": "Tyrano Castle",
						"access_rules":
						[
							""
						],
						"sections":
						[
							{
								"name": "Black Tyrano",
								"hosted_item": "blacktyranoboss"
							}
						],
						"map_locations":
						[
							{
								"map": "Prehistory",
								"x": 848,
								"y": 565
							}
						]
					}
				]
			},
			{
				"name": "Dark Ages",
				"color": "#c0c0c8",
				"access_rules":
				[
					"blacktyranoboss"
				],
				"children":
				[
					{
						"name": "Mt Woe",
						"access_rules":
						[
							""
						],
						"sections":
						[
							{
								"name": "Giga Gaia",
								"hosted_item": "gigagaiaboss"
							},
							{
								"name": "Defeat Giga Gaia",
								"chest_unopened_img": "images/kino.png",
								"chest_opened_img": "images/kiyes.png",
								"item_count": 1
							}
						],
						"map_locations":
						[
							{
								"map": "Dark Ages",
								"x": 424,
								"y": 462
							}
						]
					}
				]
			},
			{
				"name": "Middle Ages",
				"color": "#306848",
				"access_rules":
				[
					""
				],
				"children":
				[
					{
						"name": "Manoria Cathedral",
						"access_rules":
						[
							""
						],
						"sections":
						[
							{
								"name": "Yakra",
								"hosted_item": "yakraboss"
							},
							{
								"name": "Recruit Frog",
								"chest_unopened_img": "images/charno.png",
								"chest_opened_img": "images/charyes.png",
								"item_count": 1
							}
						],
						"map_locations":
						[
							{
								"map": "Middle Ages",
								"x": 200,
								"y": 270
							}
						]
					},
					{
						"name": "Cursed Woods",
						"access_rules":
						[
							""
						],
						"sections":
						[
							{
								"name": "Hand over the Masamune",
								"chest_unopened_img": "images/charno.png",
								"chest_opened_img": "images/charyes.png",
								"capture_item": true,
								"access_rules":
								[
									"masamune"
								],
								"item_count": 1
							},
							{
								"name": "Burrow Left Chest",
								"chest_unopened_img": "images/kino.png",
								"chest_opened_img": "images/kiyes.png",
								"access_rules":
								[
									"herosmedal"
								],
								"item_count": 1
							}
						],
						"map_locations":
						[
							{
								"map": "Middle Ages",
								"x": 248,
								"y": 748
							}
						]
					},
					{
						"name": "Zenan Bridge",
						"access_rules":
						[
							""
						],
						"sections":
						[
							{
								"name": "Zombor",
								"hosted_item": "zomborboss"
							},
							{
								"name": "Knight Captain",
								"chest_unopened_img": "images/kino.png",
								"chest_opened_img": "images/kiyes.png",
								"item_count": 1
							}
						],
						"map_locations":
						[
							{
								"map": "Middle Ages",
								"x": 247,
								"y": 454
							}
						]
					},
					{
						"name": "Sunken Desert",
						"access_rules":
						[
							""
						],
						"sections":
						[
							{
								"name": "Retinite",
								"hosted_item": "retiniteboss"
							}
						],
						"map_locations":
						[
							{
								"map": "Middle Ages",
								"x": 359,
								"y": 714
							}
						]
					},
					{
						"name": "Fiona's Villa/Shrine",
						"access_rules":
						[
							"robo,retiniteboss"
						],
						"sections":
						[
							{
								"name": "Save the Forest",
								"chest_unopened_img": "images/kino.png",
								"chest_opened_img": "images/kiyes.png",
								"item_count": 1
							}
						],
						"map_locations":
						[
							{
								"map": "Middle Ages",
								"x": 410,
								"y": 668
							}
						]
					},
					{
						"name": "Denadoro Mts",
						"access_rules":
						[
							""
						],
						"sections":
						[
							{
								"name": "Masa & Mune",
								"hosted_item": "masamuneboss"
							},
							{
								"name": "Defeat Masamune",
								"chest_unopened_img": "images/kino.png",
								"chest_opened_img": "images/kiyes.png",
								"item_count": 1
							}
						],
						"map_locations":
						[
							{
								"map": "Middle Ages",
								"x": 416,
								"y": 566
							}
						]
					},
					{
						"name": "Tata's House",
						"access_rules":
						[
							"masamuneboss"
						],
						"sections":
						[
							{
								"name": "SCOUNDREL!",
								"chest_unopened_img": "images/kino.png",
								"chest_opened_img": "images/kiyes.png",
								"item_count": 1
							}
						],
						"map_locations":
						[
							{
								"map": "Middle Ages",
								"x": 410,
								"y": 885
							}
						]
					},
					{
						"name": "Guardia Castle",
						"access_rules":
						[
							""
						],
						"sections":
						[
							{
								"name": "Rescue Marle",
								"chest_unopened_img": "images/charno.png",
								"chest_opened_img": "images/charyes.png",
								"access_rules":
								[
									"yakraboss"
								],
								"item_count": 1
							}
						],
						"map_locations":
						[
							{
								"map": "Middle Ages",
								"x": 280,
								"y": 195
							}
						]
					},
					{
						"name": "Choras Cafe",
						"access_rules":
						[
							""
						],
						"sections":
						[
							{
								"name": "Talk to Toma",
								"chest_unopened_img": "images/kino.png",
								"chest_opened_img": "images/kiyes.png",
								"item_count": 1
							}
						],
						"map_locations":
						[
							{
								"map": "Middle Ages",
								"x": 1176,
								"y": 831
							}
						]
					},
					{
						"name": "Giant's Claw",
						"access_rules":
						[
							"tomaspop"
						],
						"sections":
						[
							{
								"name": "Rust Tyrano",
								"hosted_item": "rusttyranoboss"
							},
							{
								"name": "Rainbow Shell",
								"chest_unopened_img": "images/kino.png",
								"chest_opened_img": "images/kiyes.png",
								"item_count": 1
							}
						],
						"map_locations":
						[
							{
								"map": "Middle Ages",
								"x": 954,
								"y": 588
							},
							{
								"map": "Present",
								"x": 1032,
								"y": 732
							}
						]
					},
					{
						"name": "Magus' Castle",
						"access_rules":
						[
							"frog,masamune"
						],
						"sections":
						[
							{
								"name": "Magus",
								"hosted_item": "magusboss"
							}
						],
						"map_locations":
						[
							{
								"map": "Middle Ages",
								"x": 672,
								"y": 466
							}
						]
					}
				]
			},
			{
				"name": "Present",
				"color": "#609040",
				"access_rules":
				[
					""
				],
				"children":
				[
					{
						"name": "Guardia Castle",
						"access_rules":
						[
							""
						],
						"sections":
						[
							{
								"name": "Dragon Tank",
								"access_rules":
								[
									"pendant"
								],
								"hosted_item": "dragontankboss"
							},
							{
								"name": "Yakra XIII",
								"access_rules":
								[
									"marle,prismshard"
								],
								"hosted_item": "yakraxiiiboss"
							},
							{
								"name": "King Guardia's Trial",
								"chest_unopened_img": "images/kino.png",
								"chest_opened_img": "images/kiyes.png",
								"access_rules":
								[
									"marle,prismshard"
								],
								"item_count": 1
							},
							{
								"name": "Melchior",
								"chest_unopened_img": "images/kino.png",
								"chest_opened_img": "images/kiyes.png",
								"access_rules":
								[
									"marle,prismshard,moonstone,jerky,dragontankboss"
								],
								"item_count": 1
							}
						],
						"map_locations":
						[
							{
								"map": "Present",
								"x": 280,
								"y": 192
							}
						]
					},
					{
						"name": "Snail Stop",
						"access_rules":
						[
							""
						],
						"sections":
						[
							{
								"name": "Buy for 9900gil",
								"chest_unopened_img": "images/kino.png",
								"chest_opened_img": "images/kiyes.png",
								"capture_item": true,
								"item_count": 1
							}
						],
						"map_locations":
						[
							{
								"map": "Present",
								"x": 441,
								"y": 860
							}
						]
					},
//					{
//						"name": "Heckran Cave",
//						"access_rules":
//						[
//							""
//						],
//						"sections":
//						[
//							{
//								"name": "Heckran",
//								"hosted_item": "heckranboss"
//							}
//						],
//						"map_locations":
//						[
//							{
//								"map": "Present",
//								"x": 682,
//								"y": 444
//							}
//						]
//					},
					{
						"name": "Choras Inn",
						"access_rules":
						[
							""
						],
						"sections":
						[
							{
								"name": "Talk to Carpenter",
								"chest_unopened_img": "images/kino.png",
								"chest_opened_img": "images/kiyes.png",
								"item_count": 1
							}
						],
						"map_locations":
						[
							{
								"map": "Present",
								"x": 1145,
								"y": 853
							}
						]
					},
					{
						"name": "Melchior's Hut",
						"access_rules":
						[
							"benthilt,bentsword,dreamstone"
						],
						"sections":
						[
							{
								"name": "Re-forge the Masamune",
								"hosted_item": "masamune"
							}
						],
						"map_locations":
						[
							{
								"map": "Present",
								"x": 696,
								"y": 506
							}
						]
					}
				]
			},
			{
				"name": "Future",
				"color": "#482828",
				"access_rules":
				[
					"dragontankboss"
				],
				"children":
				[
					{
						"name": "Arris Dome",
						"access_rules":
						[
							""
						],
						"sections":
						[
							{
								"name": "Guardian",
								"hosted_item": "guardianboss"
							},
							{
								"name": "Activate the Computer",
								"chest_unopened_img": "images/kino.png",
								"chest_opened_img": "images/kiyes.png",
								"item_count": 1
							}
						],
						"map_locations":
						[
							{
								"map": "Future",
								"x": 447,
								"y": 359
							}
						]
					},
					{
						"name": "Proto Dome",
						"access_rules":
						[
							""
						],
						"sections":
						[
							{
								"name": "Fix Robo",
								"chest_unopened_img": "images/charno.png",
								"chest_opened_img": "images/charyes.png",
								"item_count": 1
							}
						],
						"map_locations":
						[
							{
								"map": "Future",
								"x": 912,
								"y": 410
							}
						]
					},
					{
						"name": "Factory",
						"access_rules":
						[
							""
						],
						"sections":
						[
							{
								"name": "R-Series",
								"hosted_item": "rseriesboss"
							}
						],
						"map_locations":
						[
							{
								"map": "Future",
								"x": 920,
								"y": 288
							}
						]
					},
					{
						"name": "Geno Dome",
						"access_rules":
						[
							""
						],
						"sections":
						[
							{
								"name": "Mother Brain",
								"hosted_item": "motherbrainboss"
							},
							{
								"name": "Defeat Mother Brain",
								"chest_unopened_img": "images/kino.png",
								"chest_opened_img": "images/kiyes.png",
								"item_count": 1
							}
						],
						"map_locations":
						[
							{
								"map": "Future",
								"x": 1160,
								"y": 734
							}
						]
					},
					{
						"name": "Sun Palace",
						"access_rules":
						[
							""
						],
						"sections":
						[
							{
								"name": "Son of Sun",
								"hosted_item": "sonofsunboss"
							},
							{
								"name": "Moon Stone",
								"chest_unopened_img": "images/kino.png",
								"chest_opened_img": "images/kiyes.png",
								"item_count": 1
							}
						],
						"map_locations":
						[
							{
								"map": "Future",
								"x": 487,
								"y": 883
							}
						]
					}
				]
			}
		]
	}
]
			